data,inad_pj_tot,inad_pf_tot,inad_rd_pf_cr_rur_tot,inad_rd_pj_cr_rur_tot,ipca,spread_pf,spread_pj,spread_tot,selic,cdi,dolar_ptax,rendimento_medio_mensal_reais,tx_informalidade_p14m_ocupadas_pct,pessoas_14mais_mil,p14m_forca_trabalho_mil,p14m_ocupadas_mil,p14m_desocupadas_mil,p14m_fora_forca_trabalho_mil,tx_foca_trabalho_p14m_pct,tx_desocupacao_p14m_pct,insolacao_total_h,precipitacao_total_mm,temp_max_media_c,temp_min_media_c,umidade_media_pct,vento_vel_max_ms,vento_vel_media_ms,flag_pandemia,flag_greve_caminhoneiros,flag_eleicao_presidencial,flag_joesley_day,flag_impeachment,presidente,selic_lag_3,selic_lag_6,selic_lag_12,ipca_lag_3,ipca_lag_6,ipca_lag_12,tx_desocupacao_p14m_pct_lag_3,tx_desocupacao_p14m_pct_lag_6,tx_desocupacao_p14m_pct_lag_12,rendimento_medio_mensal_reais_lag_3,rendimento_medio_mensal_reais_lag_6,rendimento_medio_mensal_reais_lag_12,dolar_ptax_lag_3,dolar_ptax_lag_6,dolar_ptax_lag_12
2016-01-01,2.72,4.3,1.96,0.84,1.75,27.66,11.19,19.78,0.052531,0.0524837499999999,4.05235,1941.0,38.3,160845.0,101062.0,89909.0,11153.0,59783.0,62.8,11.0,150.23,268.39,30.7,21.64,79.69,4.52,1.63,0.0,0.0,0.0,0.0,1.0,Dilma,0.052531,0.0509395652173913,0.0443303333333333,1.39,1.17,2.5,9.1,9.0,8.0,1792.0,1792.0,1792.0,3.8801380952380953,3.223143478260869,2.634228571428572
2016-02-01,2.78,4.3,2.12,0.81,0.39,28.63,11.64,20.56,0.052531,0.052461,3.973742105263157,1941.0,38.3,160845.0,101062.0,89909.0,11153.0,59783.0,62.8,11.0,209.15,122.58,32.24,21.47,74.66,4.32,1.57,0.0,0.0,0.0,0.0,1.0,Dilma,0.052531,0.052531,0.045513,1.09,0.32,2.37,9.1,9.0,8.0,1792.0,1792.0,1792.0,3.77646,3.5143047619047616,2.81645
2016-03-01,2.85,4.25,2.23,0.82,-0.36,29.8,11.73,21.28,0.052531,0.052461,3.7039181818181817,1941.0,38.3,160845.0,101062.0,89909.0,11153.0,59783.0,62.8,11.0,194.81,172.89,31.47,21.34,76.29,4.43,1.61,0.0,0.0,0.0,0.0,1.0,Dilma,0.052531,0.052531,0.0470381818181818,0.53,0.92,3.36,9.1,9.0,8.0,1792.0,1792.0,1792.0,3.871136363636363,3.906457142857143,3.1394772727272726
2016-04-01,3.04,4.3,2.17,0.83,0.69,31.07,11.64,21.99,0.052531,0.052461,3.5658450000000004,1941.0,38.7,161266.0,101409.0,89827.0,11583.0,59857.0,62.9,11.4,208.04,97.99,31.53,20.59,73.18,4.45,1.61,0.0,0.0,0.0,0.0,1.0,Dilma,0.052531,0.052531,0.04737575,1.75,1.39,0.78,11.0,9.1,8.4,1941.0,1792.0,1792.0,4.05235,3.8801380952380953,3.0432200000000003
2016-05-01,3.17,4.32,2.12,0.84,1.4,31.57,11.67,22.32,0.052531,0.0524609999999999,3.539290476190476,1941.0,38.7,161266.0,101409.0,89827.0,11583.0,59857.0,62.9,11.4,201.5,77.13,29.38,18.61,74.86,4.31,1.56,0.0,0.0,0.0,0.0,1.0,Dilma,0.052531,0.052531,0.049037,0.39,1.09,1.22,11.0,9.1,8.4,1941.0,1792.0,1792.0,3.973742105263157,3.77646,3.061715
2016-06-01,2.99,4.05,1.89,0.81,0.24,31.22,11.67,22.17,0.052531,0.052461,3.4244772727272728,1941.0,38.7,161266.0,101409.0,89827.0,11583.0,59857.0,62.9,11.4,209.3,58.81,28.17,16.87,73.14,4.69,1.63,0.0,0.0,0.0,0.0,1.0,Dilma,0.052531,0.052531,0.0505378571428571,-0.36,0.53,1.12,11.0,9.1,8.4,1941.0,1792.0,1792.0,3.7039181818181817,3.871136363636363,3.1117380952380955
2016-07-01,3.03,4.1,2.03,0.81,-0.1,31.52,12.25,22.68,0.052531,0.0524609999999999,3.2755666666666667,1941.0,38.4,161692.0,100949.0,88939.0,12010.0,60744.0,62.4,11.9,239.33,39.73,29.18,16.54,68.24,4.94,1.76,0.0,0.0,0.0,0.0,1.0,Dilma,0.052531,0.052531,0.0509395652173913,0.69,1.75,1.17,11.4,11.0,9.0,1941.0,1941.0,1792.0,3.5658450000000004,4.05235,3.223143478260869
2016-08-01,3.17,4.12,2.04,0.82,0.26,31.78,12.34,22.93,0.052531,0.052461,3.209660869565217,1941.0,38.4,161692.0,100949.0,88939.0,12010.0,60744.0,62.4,11.9,244.06,37.82,30.51,17.59,65.62,4.97,1.94,0.0,0.0,0.0,0.0,1.0,Dilma,0.052531,0.052531,0.052531,1.4,0.39,0.32,11.4,11.0,9.0,1941.0,1941.0,1792.0,3.539290476190476,3.973742105263157,3.5143047619047616
2016-09-01,3.18,4.18,2.18,0.72,0.37,32.6,11.72,23.12,0.052531,0.0524609999999999,3.2563714285714283,1941.0,38.4,161692.0,100949.0,88939.0,12010.0,60744.0,62.4,11.9,228.83,44.94,31.24,18.83,65.04,5.34,2.06,0.0,0.0,0.0,0.0,0.0,Temer,0.052531,0.052531,0.052531,0.24,-0.36,0.92,11.4,11.0,9.0,1941.0,1941.0,1792.0,3.4244772727272728,3.7039181818181817,3.906457142857143
2016-10-01,3.51,4.18,2.26,0.75,0.54,33.07,12.15,23.61,0.0521826,0.052113,3.185845,1941.0,39.1,162113.0,101562.0,89239.0,12323.0,60551.0,62.6,12.1,226.67,92.42,31.66,20.24,67.55,5.27,2.14,0.0,0.0,0.0,0.0,0.0,Temer,0.052531,0.052531,0.052531,-0.1,0.69,1.39,11.9,11.4,9.1,1941.0,1941.0,1792.0,3.2755666666666667,3.5658450000000004,3.8801380952380953
2016-11-01,3.5,4.09,2.25,0.77,0.22,32.85,11.47,23.23,0.05166,0.051591,3.34203,1941.0,39.1,162113.0,101562.0,89239.0,12323.0,60551.0,62.6,12.1,207.07,133.18,31.48,20.58,70.72,5.03,1.94,0.0,0.0,0.0,0.0,0.0,Temer,0.052531,0.052531,0.052531,0.26,1.4,1.09,11.9,11.4,9.1,1941.0,1941.0,1792.0,3.209660869565217,3.539290476190476,3.77646
2016-12-01,3.44,3.95,2.2,0.89,-0.01,31.73,10.74,22.31,0.0507879999999999,0.050718,3.352268181818182,1941.0,39.1,162113.0,101562.0,89239.0,12323.0,60551.0,62.6,12.1,196.76,153.33,31.67,21.04,73.49,4.9,1.84,0.0,0.0,0.0,0.0,0.0,Temer,0.052531,0.052531,0.052531,0.37,0.24,0.53,11.9,11.4,9.1,1941.0,1941.0,1792.0,3.2563714285714283,3.4244772727272728,3.871136363636363
2017-01-01,3.47,3.98,2.39,0.93,0.8,32.53,12.35,23.59,0.049115,0.049045,3.196609090909091,2014.0,39.3,162530.0,102010.0,87880.0,14130.0,60519.0,62.8,13.9,207.85,161.17,31.9,21.28,74.4,4.37,1.67,0.0,0.0,0.0,0.0,0.0,Temer,0.0521826,0.052531,0.052531,0.54,-0.1,1.75,12.1,11.9,11.0,1941.0,1941.0,1941.0,3.185845,3.2755666666666667,4.05235
2017-02-01,3.49,4.0,2.51,0.8,0.58,32.9,11.67,23.55,0.047865,0.0477948888888888,3.1041944444444445,2014.0,39.3,162530.0,102010.0,87880.0,14130.0,60519.0,62.8,13.9,165.78,170.74,31.26,21.24,77.05,4.33,1.6,0.0,0.0,0.0,0.0,0.0,Temer,0.05166,0.052531,0.052531,0.22,0.26,0.39,12.1,11.9,11.0,1941.0,1941.0,1941.0,3.34203,3.209660869565217,3.973742105263157
2017-03-01,3.69,4.01,2.72,0.79,0.48,32.6,11.79,23.5,0.045513,0.045442,3.127930434782609,2014.0,39.3,162530.0,102010.0,87880.0,14130.0,60519.0,62.8,13.9,190.83,175.54,31.03,20.85,77.26,4.18,1.55,0.0,0.0,0.0,0.0,0.0,Temer,0.0507879999999999,0.052531,0.052531,-0.01,0.37,-0.36,12.1,11.9,11.0,1941.0,1941.0,1941.0,3.352268181818182,3.2563714285714283,3.7039181818181817
2017-04-01,3.82,4.04,2.84,0.95,-0.6,30.28,11.34,22.01,0.0435374444444444,0.0434664444444444,3.136172222222222,2014.0,39.8,162930.0,102588.0,89163.0,13425.0,60343.0,63.0,13.1,192.15,135.39,30.08,20.15,77.41,4.34,1.6,0.0,0.0,0.0,0.0,0.0,Temer,0.049115,0.0521826,0.052531,0.8,0.54,0.69,13.9,12.1,11.4,2014.0,1941.0,1941.0,3.196609090909091,3.185845,3.5658450000000004
2017-05-01,3.98,4.1,2.86,0.83,1.56,28.11,11.18,20.77,0.041957,0.041886,3.209509090909091,2014.0,39.8,162930.0,102588.0,89163.0,13425.0,60343.0,63.0,13.1,192.3,116.71,29.42,19.36,77.27,4.21,1.56,0.0,0.0,0.0,1.0,0.0,Temer,0.047865,0.05166,0.052531,0.58,0.22,1.4,13.9,12.1,11.4,2014.0,1941.0,1941.0,3.1041944444444445,3.34203,3.539290476190476
2017-06-01,3.6,3.85,2.69,0.77,-0.83,28.08,10.78,20.64,0.03837,0.038334,3.2953666666666663,2014.0,39.8,162930.0,102588.0,89163.0,13425.0,60343.0,63.0,13.1,204.92,70.55,28.93,17.8,74.17,4.56,1.76,0.0,0.0,0.0,0.0,0.0,Temer,0.045513,0.0507879999999999,0.052531,0.48,-0.01,0.24,13.9,12.1,11.4,2014.0,1941.0,1941.0,3.127930434782609,3.352268181818182,3.4244772727272728
2017-07-01,3.4,3.95,2.91,0.78,1.28,28.92,11.4,21.41,0.0378527142857142,0.0378167142857142,3.206138095238096,2014.0,40.2,163330.0,103070.0,90176.0,12894.0,60260.0,63.1,12.5,216.97,56.54,27.83,16.08,69.88,5.12,1.98,0.0,0.0,0.0,0.0,0.0,Temer,0.0435374444444444,0.049115,0.052531,-0.6,0.8,-0.1,13.1,13.9,11.9,2014.0,2014.0,1941.0,3.136172222222222,3.196609090909091,3.2755666666666667
2017-08-01,3.44,3.93,3.07,0.82,1.73,28.56,11.37,21.28,0.034749,0.034713,3.150917391304348,2014.0,40.2,163330.0,103070.0,90176.0,12894.0,60260.0,63.1,12.5,241.29,36.71,30.34,17.43,65.92,5.08,1.92,0.0,0.0,0.0,0.0,0.0,Temer,0.041957,0.047865,0.052531,1.56,0.58,0.26,13.1,13.9,11.9,2014.0,2014.0,1941.0,3.209509090909091,3.1041944444444445,3.209660869565217
2017-09-01,3.29,3.87,3.15,0.83,0.24,26.98,10.45,20.01,0.0318266,0.0317898,3.13479,2014.0,40.2,163330.0,103070.0,90176.0,12894.0,60260.0,63.1,12.5,230.04,40.85,31.48,18.86,63.1,5.36,2.29,0.0,0.0,0.0,0.0,0.0,Temer,0.03837,0.045513,0.052531,-0.83,0.48,0.37,13.1,13.9,11.9,2014.0,2014.0,1941.0,3.2953666666666663,3.127930434782609,3.2563714285714283
2017-10-01,3.35,3.87,3.31,0.85,0.98,27.32,11.22,20.58,0.0305697142857142,0.0305327142857142,3.1912285714285717,2014.0,40.3,163716.0,103345.0,91066.0,12279.0,60371.0,63.1,11.9,227.0,70.84,32.52,20.51,65.11,5.29,2.14,0.0,0.0,0.0,0.0,0.0,Temer,0.0378527142857142,0.0435374444444444,0.0521826,1.28,-0.6,0.54,12.5,13.1,12.1,2014.0,2014.0,1941.0,3.206138095238096,3.136172222222222,3.185845
2017-11-01,3.27,3.77,3.21,0.84,1.32,26.65,10.77,20.05,0.028333,0.0282959999999999,3.25938,2014.0,40.3,163716.0,103345.0,91066.0,12279.0,60371.0,63.1,11.9,197.78,123.83,31.35,20.66,72.08,4.8,1.94,0.0,0.0,0.0,0.0,0.0,Temer,0.034749,0.041957,0.05166,1.73,1.56,0.22,12.5,13.1,12.1,2014.0,2014.0,1941.0,3.150917391304348,3.209509090909091,3.34203
2017-12-01,2.9,3.53,2.88,0.82,0.21,25.13,9.78,18.75,0.0268514,0.0268144,3.2919150000000004,2014.0,40.3,163716.0,103345.0,91066.0,12279.0,60371.0,63.1,11.9,178.78,162.04,31.55,21.38,74.97,4.52,1.76,0.0,0.0,0.0,0.0,0.0,Temer,0.0318266,0.03837,0.0507879999999999,0.24,-0.83,-0.01,12.5,13.1,12.1,2014.0,2014.0,1941.0,3.13479,3.2953666666666663,3.352268181818182
2018-01-01,3.06,3.72,3.1,0.87,0.2,25.63,10.88,19.44,0.026481,0.026444,3.2106090909090907,2141.0,40.2,164099.0,103362.0,89691.0,13671.0,60736.0,63.0,13.2,192.35,165.55,31.62,21.21,75.4,4.36,1.66,0.0,0.0,0.0,0.0,0.0,Temer,0.0305697142857142,0.0378527142857142,0.049115,0.98,1.28,0.8,11.9,12.5,13.9,2014.0,2014.0,2014.0,3.1912285714285717,3.206138095238096,3.196609090909091
2018-02-01,3.1,3.7,3.17,0.8,0.55,26.63,10.9,20.08,0.0258100555555555,0.0257730555555555,3.2415000000000003,2141.0,40.2,164099.0,103362.0,89691.0,13671.0,60736.0,63.0,13.2,155.03,222.61,30.46,20.89,79.35,4.13,1.48,0.0,0.0,0.0,0.0,0.0,Temer,0.028333,0.034749,0.047865,1.32,1.73,0.58,11.9,12.5,13.9,2014.0,2014.0,2014.0,3.25938,3.150917391304348,3.1041944444444445
2018-03-01,2.86,3.64,3.22,0.72,0.23,26.58,9.88,19.63,0.0252857142857142,0.0252487142857142,3.2792142857142856,2141.0,40.2,164099.0,103362.0,89691.0,13671.0,60736.0,63.0,13.2,191.0,179.91,31.25,21.33,78.82,4.06,1.46,0.0,0.0,0.0,0.0,0.0,Temer,0.0268514,0.0318266,0.045513,0.21,0.24,0.48,11.9,12.5,13.9,2014.0,2014.0,2014.0,3.2919150000000004,3.13479,3.127930434782609
2018-04-01,2.95,3.62,3.04,0.69,0.6,26.55,9.31,19.39,0.02462,0.024583,3.407495238095238,2141.0,40.3,164466.0,103160.0,90212.0,12948.0,61306.0,62.7,12.6,172.47,163.83,29.88,20.1,79.74,4.04,1.44,0.0,0.0,0.0,0.0,0.0,Temer,0.026481,0.0305697142857142,0.0435374444444444,0.2,0.98,-0.6,13.2,11.9,13.1,2141.0,2014.0,2014.0,3.2106090909090907,3.1912285714285717,3.136172222222222
2018-05-01,2.96,3.59,2.9,0.67,1.37,24.72,8.93,18.18,0.02462,0.024583,3.636057142857143,2141.0,40.3,164466.0,103160.0,90212.0,12948.0,61306.0,62.7,12.6,200.61,86.71,29.2,18.49,76.06,4.24,1.55,0.0,1.0,0.0,0.0,0.0,Temer,0.0258100555555555,0.028333,0.041957,0.55,1.32,1.56,13.2,11.9,13.1,2141.0,2014.0,2014.0,3.2415000000000003,3.25938,3.209509090909091
2018-06-01,2.54,3.47,2.66,0.67,2.49,23.75,8.19,17.31,0.02462,0.024583,3.773171428571428,2141.0,40.3,164466.0,103160.0,90212.0,12948.0,61306.0,62.7,12.6,204.1,52.41,28.71,17.47,73.95,4.27,1.58,0.0,0.0,0.0,0.0,0.0,Temer,0.0252857142857142,0.0268514,0.03837,0.23,0.21,-0.83,13.2,11.9,13.1,2141.0,2014.0,2014.0,3.2792142857142856,3.2919150000000004,3.2953666666666663
2018-07-01,2.44,3.5,2.67,0.69,0.89,23.48,8.67,17.35,0.02462,0.024583,3.828763636363637,2141.0,40.7,164841.0,104102.0,91607.0,12495.0,60739.0,63.2,12.0,226.82,49.19,29.14,16.69,70.21,4.46,1.64,0.0,0.0,0.0,0.0,0.0,Temer,0.02462,0.026481,0.0378527142857142,0.6,0.2,1.28,12.6,13.2,12.5,2141.0,2141.0,2014.0,3.407495238095238,3.2106090909090907,3.206138095238096
2018-08-01,2.49,3.49,2.66,0.7,0.12,23.18,8.45,17.12,0.02462,0.024583,3.9297565217391295,2141.0,40.7,164841.0,104102.0,91607.0,12495.0,60739.0,63.2,12.0,231.12,44.9,29.69,17.65,68.21,4.66,1.84,0.0,0.0,0.0,0.0,0.0,Temer,0.02462,0.0258100555555555,0.034749,1.37,0.55,1.73,12.6,13.2,12.5,2141.0,2141.0,2014.0,3.636057142857143,3.2415000000000003,3.150917391304348
2018-09-01,2.6,3.41,2.69,0.68,0.96,22.95,8.45,17.03,0.02462,0.024583,4.1165473684210525,2141.0,40.7,164841.0,104102.0,91607.0,12495.0,60739.0,63.2,12.0,224.62,54.16,31.54,19.37,66.55,4.83,1.94,0.0,0.0,0.0,0.0,0.0,Temer,0.02462,0.0252857142857142,0.0318266,2.49,0.23,0.24,12.6,13.2,12.5,2141.0,2141.0,2014.0,3.773171428571428,3.2792142857142856,3.13479
2018-10-01,2.65,3.37,2.73,0.76,0.54,23.63,9.0,17.71,0.02462,0.02462,3.758409090909091,2141.0,40.8,165213.0,104367.0,92152.0,12215.0,60845.0,63.2,11.7,211.58,95.29,31.89,20.85,70.23,4.62,1.85,0.0,0.0,1.0,0.0,0.0,Temer,0.02462,0.02462,0.0305697142857142,0.89,0.6,0.98,12.0,12.6,11.9,2141.0,2141.0,2014.0,3.828763636363637,3.407495238095238,3.1912285714285717
2018-11-01,2.54,3.3,2.6,0.75,-1.0,23.89,8.97,17.91,0.02462,0.02462,3.786665,2141.0,40.8,165213.0,104367.0,92152.0,12215.0,60845.0,63.2,11.7,186.06,155.38,31.16,21.02,74.09,4.67,1.88,0.0,0.0,0.0,0.0,0.0,Temer,0.02462,0.02462,0.028333,0.12,1.37,1.32,12.0,12.6,11.9,2141.0,2141.0,2014.0,3.9297565217391295,3.636057142857143,3.25938
2018-12-01,2.41,3.25,2.48,0.72,-0.89,22.66,8.03,16.73,0.02462,0.02462,3.885055,2141.0,40.8,165213.0,104367.0,92152.0,12215.0,60845.0,63.2,11.7,194.01,174.4,31.33,20.85,75.86,4.36,1.62,0.0,0.0,0.0,0.0,0.0,Temer,0.02462,0.02462,0.0268514,0.96,2.49,0.21,12.0,12.6,11.9,2141.0,2141.0,2014.0,4.1165473684210525,3.773171428571428,3.2919150000000004
2019-01-01,2.47,3.34,2.59,0.76,0.05,24.18,9.55,18.29,0.02462,0.02462,3.7416818181818186,2220.0,40.5,165581.0,104641.0,91203.0,13439.0,60939.0,63.2,12.8,212.22,134.91,32.47,21.41,74.5,4.46,1.6,0.0,0.0,0.0,0.0,0.0,Bolsonaro,0.02462,0.02462,0.026481,0.54,0.89,0.2,11.7,12.0,13.2,2141.0,2141.0,2141.0,3.758409090909091,3.828763636363637,3.2106090909090907
2019-02-01,2.4,3.3,2.63,0.81,0.29,24.86,9.34,18.7,0.02462,0.02462,3.723625,2220.0,40.5,165581.0,104641.0,91203.0,13439.0,60939.0,63.2,12.8,166.8,190.33,31.79,21.55,78.11,4.34,1.44,0.0,0.0,0.0,0.0,0.0,Bolsonaro,0.02462,0.02462,0.0258100555555555,-1.0,0.12,0.55,11.7,12.0,13.2,2141.0,2141.0,2141.0,3.786665,3.9297565217391295,3.2415000000000003
2019-03-01,2.51,3.36,2.7,0.78,0.75,25.33,9.18,18.92,0.02462,0.02462,3.846484210526316,2220.0,40.5,165581.0,104641.0,91203.0,13439.0,60939.0,63.2,12.8,180.94,212.9,31.27,21.37,79.18,4.09,1.43,0.0,0.0,0.0,0.0,0.0,Bolsonaro,0.02462,0.02462,0.0252857142857142,-0.89,0.96,0.23,11.7,12.0,13.2,2141.0,2141.0,2141.0,3.885055,4.1165473684210525,3.2792142857142856
2019-04-01,2.58,3.36,2.62,0.8,1.03,25.31,9.26,18.99,0.02462,0.02462,3.896157142857143,2220.0,40.9,165934.0,105460.0,92662.0,12797.0,60475.0,63.6,12.1,181.98,171.57,30.79,21.04,80.31,3.74,1.28,0.0,0.0,0.0,0.0,0.0,Bolsonaro,0.02462,0.02462,0.02462,0.05,0.54,0.6,12.8,11.7,12.6,2220.0,2141.0,2141.0,3.7416818181818186,3.758409090909091,3.407495238095238
2019-05-01,2.59,3.41,2.51,0.85,1.16,25.21,9.12,18.87,0.02462,0.02462,4.001518181818182,2220.0,40.9,165934.0,105460.0,92662.0,12797.0,60475.0,63.6,12.1,195.12,119.39,30.09,20.05,78.69,3.68,1.35,0.0,0.0,0.0,0.0,0.0,Bolsonaro,0.02462,0.02462,0.02462,0.29,-1.0,1.37,12.8,11.7,12.6,2220.0,2141.0,2141.0,3.723625,3.786665,3.636057142857143
2019-06-01,2.42,3.35,2.41,5.81,-0.19,25.71,8.88,19.15,0.02462,0.02462,3.8588263157894738,2220.0,40.9,165934.0,105460.0,92662.0,12797.0,60475.0,63.6,12.1,202.88,72.52,29.59,18.32,74.57,4.34,1.58,0.0,0.0,0.0,0.0,0.0,Bolsonaro,0.02462,0.02462,0.02462,0.75,-0.89,2.49,12.8,11.7,12.6,2220.0,2141.0,2141.0,3.846484210526316,3.885055,3.773171428571428
2019-07-01,2.54,3.44,2.42,5.92,0.4,25.68,9.4,19.37,0.02462,0.02462,3.779339130434783,2220.0,41.0,166301.0,105771.0,93191.0,12581.0,60530.0,63.6,11.9,217.59,67.27,28.63,16.73,72.31,4.4,1.59,0.0,0.0,0.0,0.0,0.0,Bolsonaro,0.02462,0.02462,0.02462,1.03,0.05,0.89,12.1,12.8,12.0,2220.0,2220.0,2141.0,3.896157142857143,3.7416818181818186,3.828763636363637
2019-08-01,2.44,3.48,2.45,5.93,0.6,25.91,9.24,19.53,0.022751,0.022751,4.019981818181818,2220.0,41.0,166301.0,105771.0,93191.0,12581.0,60530.0,63.6,11.9,232.62,42.43,30.02,17.67,67.71,5.07,1.89,0.0,0.0,0.0,0.0,0.0,Bolsonaro,0.02462,0.02462,0.02462,1.16,0.29,0.12,12.1,12.8,12.0,2220.0,2220.0,2141.0,4.001518181818182,3.723625,3.9297565217391295
2019-09-01,2.39,3.54,2.61,5.84,0.12,25.31,8.6,18.91,0.0220351904761904,0.0220351904761904,4.1215,2220.0,41.0,166301.0,105771.0,93191.0,12581.0,60530.0,63.6,11.9,226.26,47.5,32.09,19.43,65.7,4.68,1.89,0.0,0.0,0.0,0.0,0.0,Bolsonaro,0.02462,0.02462,0.02462,-0.19,0.75,0.96,12.1,12.8,12.0,2220.0,2220.0,2141.0,3.8588263157894738,3.846484210526316,4.1165473684210525
2019-10-01,2.35,3.53,2.64,5.77,-0.11,24.87,8.99,18.8,0.0207899565217391,0.0207899565217391,4.086986956521739,2220.0,40.7,166670.0,105617.0,93920.0,11698.0,61053.0,63.4,11.1,226.66,84.26,32.48,20.56,68.35,4.63,1.88,0.0,0.0,0.0,0.0,0.0,Bolsonaro,0.02462,0.02462,0.02462,0.4,1.03,0.54,11.9,12.1,11.7,2220.0,2220.0,2141.0,3.779339130434783,3.896157142857143,3.758409090909091
2019-11-01,2.27,3.54,2.59,5.85,0.97,25.2,8.75,18.94,0.018985,0.018985,4.155345,2220.0,40.7,166670.0,105617.0,93920.0,11698.0,61053.0,63.4,11.1,207.98,115.85,32.47,21.32,71.09,4.41,1.78,0.0,0.0,0.0,0.0,0.0,Bolsonaro,0.022751,0.02462,0.02462,0.6,1.16,-1.0,11.9,12.1,11.7,2220.0,2220.0,2141.0,4.019981818181818,4.001518181818182,3.786665
2019-12-01,2.14,3.51,2.57,5.8,0.35,23.81,8.33,17.91,0.0178112857142857,0.0178112857142857,4.109590476190476,2220.0,40.7,166670.0,105617.0,93920.0,11698.0,61053.0,63.4,11.1,214.42,133.17,32.43,21.45,72.58,4.19,1.68,0.0,0.0,0.0,0.0,0.0,Bolsonaro,0.0220351904761904,0.02462,0.02462,0.12,-0.19,-0.89,11.9,12.1,11.7,2220.0,2220.0,2141.0,4.1215,3.8588263157894738,3.885055
2020-01-01,2.19,3.57,2.67,5.83,0.51,23.75,9.71,18.45,0.017089,0.017089,4.149463636363636,2213.0,39.6,167036.0,104448.0,91523.0,12925.0,62588.0,62.5,12.4,174.58,235.66,31.66,21.62,78.45,4.14,1.46,0.0,0.0,0.0,0.0,0.0,Bolsonaro,0.0207899565217391,0.02462,0.02462,-0.11,0.4,0.05,11.1,11.9,12.8,2220.0,2220.0,2220.0,4.086986956521739,3.779339130434783,3.7416818181818186
2020-02-01,2.16,3.66,2.78,5.78,-0.28,24.5,8.98,18.65,0.0162956666666666,0.0162956666666666,4.341011111111111,2213.0,39.6,167036.0,104448.0,91523.0,12925.0,62588.0,62.5,12.4,161.58,208.46,31.23,21.49,80.08,4.08,1.41,0.0,0.0,0.0,0.0,0.0,Bolsonaro,0.018985,0.022751,0.02462,0.97,0.6,0.29,11.1,11.9,12.8,2220.0,2220.0,2220.0,4.155345,4.019981818181818,3.723625
2020-03-01,2.16,3.94,2.77,5.73,-0.22,23.84,8.76,18.06,0.0153556363636363,0.0153556363636363,4.883854545454546,2213.0,39.6,167036.0,104448.0,91523.0,12925.0,62588.0,62.5,12.4,167.46,239.06,31.01,21.19,80.57,3.9,1.37,1.0,0.0,0.0,0.0,0.0,Bolsonaro,0.0178112857142857,0.0220351904761904,0.02462,0.35,0.12,0.75,11.1,11.9,12.8,2220.0,2220.0,2220.0,4.109590476190476,4.1215,3.846484210526316
2020-04-01,2.28,4.07,2.64,5.53,-2.06,22.52,8.85,17.08,0.014227,0.014227,5.32558,2213.0,36.6,167391.0,95589.0,82610.0,12979.0,71802.0,57.1,13.6,173.17,172.01,30.11,20.11,80.37,3.79,1.27,1.0,0.0,0.0,0.0,0.0,Bolsonaro,0.017089,0.0207899565217391,0.02462,0.51,-0.11,1.03,12.4,11.1,12.1,2213.0,2220.0,2220.0,4.149463636363636,4.086986956521739,3.896157142857143
2020-05-01,2.29,3.98,2.46,5.51,-1.02,22.06,8.28,16.53,0.0117773,0.0117773,5.643445,2213.0,36.6,167391.0,95589.0,82610.0,12979.0,71802.0,57.1,13.6,184.26,131.66,29.28,18.88,79.45,4.17,1.32,1.0,0.0,0.0,0.0,0.0,Bolsonaro,0.0162956666666666,0.018985,0.02462,-0.28,0.97,1.16,12.4,11.1,12.1,2213.0,2220.0,2220.0,4.341011111111111,4.155345,4.001518181818182
2020-06-01,1.96,3.62,2.25,5.59,0.89,20.9,7.28,15.45,0.0101008571428571,0.0101008571428571,5.1966,2213.0,36.6,167391.0,95589.0,82610.0,12979.0,71802.0,57.1,13.6,195.87,77.89,29.27,17.99,76.41,4.1,1.39,1.0,0.0,0.0,0.0,0.0,Bolsonaro,0.0153556363636363,0.0178112857142857,0.02462,-0.22,0.35,-0.19,12.4,11.1,12.1,2213.0,2220.0,2220.0,4.883854545454546,4.109590476190476,3.8588263157894738
2020-07-01,1.87,3.46,2.2,5.62,1.23,20.75,6.88,15.26,0.008442,0.008442,5.280191304347826,2213.0,38.1,167744.0,96267.0,81954.0,14313.0,71476.0,57.4,14.9,226.88,57.36,29.51,17.1,70.95,4.1,1.44,1.0,0.0,0.0,0.0,0.0,Bolsonaro,0.014227,0.017089,0.02462,-2.06,0.51,0.4,13.6,12.4,11.9,2213.0,2213.0,2220.0,5.32558,4.149463636363636,3.779339130434783
2020-08-01,1.83,3.3,2.17,5.69,0.78,20.01,6.93,14.81,0.0076079999999999,0.0076079999999999,5.461233333333333,2213.0,38.1,167744.0,96267.0,81954.0,14313.0,71476.0,57.4,14.9,235.6,36.21,30.53,17.53,66.05,4.6,1.7,1.0,0.0,0.0,0.0,0.0,Bolsonaro,0.0117773,0.0162956666666666,0.022751,-1.02,-0.28,0.6,13.6,12.4,11.9,2213.0,2213.0,2220.0,5.643445,4.341011111111111,4.019981818181818
2020-09-01,1.54,3.14,2.05,5.62,0.13,19.4,6.09,14.14,0.0074689999999999,0.0074689999999999,5.399485714285714,2213.0,38.1,167744.0,96267.0,81954.0,14313.0,71476.0,57.4,14.9,226.94,40.27,32.63,19.35,62.68,4.35,1.74,1.0,0.0,0.0,0.0,0.0,Bolsonaro,0.0101008571428571,0.0153556363636363,0.0220351904761904,0.89,-0.22,0.12,13.6,12.4,11.9,2213.0,2213.0,2220.0,5.1966,4.883854545454546,4.1215
2020-10-01,1.47,3.06,1.89,5.9,0.23,19.68,6.3,14.4,0.0074689999999999,0.0074689999999999,5.625790476190476,2213.0,39.1,168086.0,99804.0,85669.0,14135.0,68283.0,59.4,14.2,207.57,89.92,32.91,20.72,67.79,4.45,1.72,1.0,0.0,0.0,0.0,0.0,Bolsonaro,0.008442,0.014227,0.0207899565217391,1.23,-2.06,-0.11,14.9,13.6,11.1,2213.0,2213.0,2220.0,5.280191304347826,5.32558,4.086986956521739
2020-11-01,1.29,2.97,1.8,0.77,0.41,19.16,6.23,14.13,0.007469,0.007469,5.417835,2213.0,39.1,168086.0,99804.0,85669.0,14135.0,68283.0,59.4,14.2,185.89,140.55,31.66,20.97,74.1,4.1,1.63,1.0,0.0,0.0,0.0,0.0,Bolsonaro,0.0076079999999999,0.0117773,0.018985,0.78,-1.02,0.97,14.9,13.6,11.1,2213.0,2213.0,2220.0,5.461233333333333,5.643445,4.155345
2020-12-01,1.2,2.84,1.71,0.77,2.04,18.97,6.86,14.29,0.007469,0.007469,5.145586363636364,2213.0,39.1,168086.0,99804.0,85669.0,14135.0,68283.0,59.4,14.2,194.57,152.67,31.7,21.11,75.63,4.0,1.51,1.0,0.0,0.0,0.0,0.0,Bolsonaro,0.0074689999999999,0.0101008571428571,0.0178112857142857,0.13,0.89,0.35,14.9,13.6,11.1,2213.0,2213.0,2220.0,5.399485714285714,5.1966,4.109590476190476
2021-01-01,1.2,2.88,1.71,0.79,-0.29,19.94,8.55,15.58,0.007469,0.007469,5.356245,2273.0,39.2,168426.0,100476.0,85497.0,14979.0,67950.0,59.7,14.9,181.03,164.37,31.67,21.1,75.75,4.04,1.5,1.0,0.0,0.0,0.0,0.0,Bolsonaro,0.0074689999999999,0.008442,0.017089,0.23,1.23,0.51,14.2,14.9,12.4,2213.0,2213.0,2213.0,5.625790476190476,5.280191304347826,4.149463636363636
2021-02-01,1.35,2.92,1.69,0.7,1.69,20.18,7.65,15.38,0.007469,0.007469,5.416494444444444,2273.0,39.2,168426.0,100476.0,85497.0,14979.0,67950.0,59.7,14.9,144.88,224.21,30.73,20.89,80.06,3.78,1.36,1.0,0.0,0.0,0.0,0.0,Bolsonaro,0.007469,0.0076079999999999,0.0162956666666666,0.41,0.78,-0.28,14.2,14.9,12.4,2213.0,2213.0,2213.0,5.417835,5.461233333333333,4.341011111111111
2021-03-01,1.2,2.87,1.67,0.68,2.81,19.99,6.77,14.89,0.0087342173913043,0.0087342173913043,5.646147826086957,2273.0,39.2,168426.0,100476.0,85497.0,14979.0,67950.0,59.7,14.9,186.53,192.13,31.15,20.55,78.93,3.71,1.28,1.0,0.0,0.0,0.0,0.0,Bolsonaro,0.007469,0.0074689999999999,0.0153556363636363,2.04,0.13,-0.22,14.2,14.9,12.4,2213.0,2213.0,2213.0,5.145586363636364,5.399485714285714,4.883854545454546
2021-04-01,1.27,2.91,1.57,0.69,0.38,19.9,7.01,14.96,0.010379,0.010379,5.562135,2273.0,40.1,168751.0,102315.0,87743.0,14572.0,66436.0,60.6,14.2,186.65,139.93,30.31,19.68,78.05,3.84,1.3,1.0,0.0,0.0,0.0,0.0,Bolsonaro,0.007469,0.0074689999999999,0.014227,-0.29,0.23,-2.06,14.9,14.2,13.6,2273.0,2213.0,2213.0,5.356245,5.625790476190476,5.32558
2021-05-01,1.51,2.97,1.46,0.71,2.11,19.03,6.91,14.42,0.0128561428571428,0.0128561428571428,5.291057142857143,2273.0,40.1,168751.0,102315.0,87743.0,14572.0,66436.0,60.6,14.2,190.69,91.42,29.41,18.02,76.26,3.73,1.23,1.0,0.0,0.0,0.0,0.0,Bolsonaro,0.007469,0.007469,0.0117773,1.69,0.41,-1.02,14.9,14.2,13.6,2273.0,2213.0,2213.0,5.416494444444444,5.417835,5.643445
2021-06-01,1.48,2.87,1.3,0.71,0.81,19.01,6.68,14.34,0.0146347142857142,0.0146347142857142,5.031904761904762,2273.0,40.1,168751.0,102315.0,87743.0,14572.0,66436.0,60.6,14.2,184.19,65.11,28.65,17.25,75.12,3.76,1.31,1.0,0.0,0.0,0.0,0.0,Bolsonaro,0.0087342173913043,0.007469,0.0101008571428571,2.81,2.04,0.89,14.9,14.2,13.6,2273.0,2213.0,2213.0,5.646147826086957,5.145586363636364,5.1966
2021-07-01,1.52,2.9,1.3,0.72,1.68,18.73,7.4,14.49,0.016137,0.016137,5.156704545454546,2273.0,40.7,169089.0,104483.0,91265.0,13218.0,64606.0,61.8,12.7,215.97,52.78,28.93,15.97,70.11,4.17,1.42,1.0,0.0,0.0,0.0,0.0,Bolsonaro,0.010379,0.007469,0.008442,0.38,-0.29,1.23,14.2,14.9,14.9,2273.0,2273.0,2213.0,5.562135,5.356245,5.280191304347826
2021-08-01,1.5,2.92,1.31,0.67,0.95,18.59,7.16,14.35,0.0194127727272727,0.0194127727272727,5.251718181818182,2273.0,40.7,169089.0,104483.0,91265.0,13218.0,64606.0,61.8,12.7,222.15,47.69,30.33,17.59,66.89,4.55,1.73,1.0,0.0,0.0,0.0,0.0,Bolsonaro,0.0128561428571428,0.007469,0.0076079999999999,2.11,1.69,0.78,14.2,14.9,14.9,2273.0,2273.0,2213.0,5.291057142857143,5.416494444444444,5.461233333333333
2021-09-01,1.36,2.97,1.28,0.62,1.93,18.67,7.07,14.34,0.0210034285714285,0.0210034285714285,5.279690476190477,2273.0,40.7,169089.0,104483.0,91265.0,13218.0,64606.0,61.8,12.7,209.76,53.46,32.54,19.77,66.2,4.54,1.77,1.0,0.0,0.0,0.0,0.0,Bolsonaro,0.0146347142857142,0.0087342173913043,0.0074689999999999,0.81,2.81,0.13,14.2,14.9,14.9,2273.0,2273.0,2213.0,5.031904761904762,5.646147826086957,5.399485714285714
2021-10-01,1.36,2.95,1.22,0.61,1.35,19.35,7.76,15.07,0.0242439,0.0242439,5.53998,2273.0,40.8,169428.0,105781.0,93988.0,11793.0,63647.0,62.4,11.1,188.77,127.71,31.2,20.59,72.89,4.27,1.68,1.0,0.0,0.0,0.0,0.0,Bolsonaro,0.016137,0.010379,0.0074689999999999,1.68,0.38,0.23,12.7,14.2,14.2,2273.0,2273.0,2213.0,5.156704545454546,5.562135,5.625790476190476
2021-11-01,1.4,2.97,1.16,0.62,2.3,19.47,7.97,15.25,0.0292559999999999,0.0292559999999999,5.55686,2273.0,40.8,169428.0,105781.0,93988.0,11793.0,63647.0,62.4,11.1,176.27,174.82,30.95,20.78,76.91,4.16,1.59,1.0,0.0,0.0,0.0,0.0,Bolsonaro,0.0194127727272727,0.0128561428571428,0.007469,0.95,2.11,0.41,12.7,14.2,14.2,2273.0,2273.0,2213.0,5.251718181818182,5.291057142857143,5.417835
2021-12-01,1.33,3.0,1.09,0.5,0.05,20.19,8.05,15.7,0.0333160434782608,0.0333160434782608,5.651391304347826,2273.0,40.8,169428.0,105781.0,93988.0,11793.0,63647.0,62.4,11.1,159.47,234.06,30.75,21.11,79.96,4.12,1.57,1.0,0.0,0.0,0.0,0.0,Bolsonaro,0.0210034285714285,0.0146347142857142,0.007469,1.93,0.81,2.04,12.7,14.2,14.2,2273.0,2273.0,2213.0,5.279690476190477,5.031904761904762,5.145586363636364
2022-01-01,1.38,3.21,1.09,0.43,-0.35,20.57,8.69,16.21,0.034749,0.034749,5.534104761904762,2533.0,40.2,169764.0,105248.0,93523.0,11725.0,64516.0,62.0,11.1,169.69,209.13,31.17,21.05,80.25,3.88,1.39,1.0,0.0,0.0,0.0,0.0,Bolsonaro,0.0242439,0.016137,0.007469,1.35,1.68,-0.29,11.1,12.7,14.9,2273.0,2273.0,2273.0,5.53998,5.156704545454546,5.356245
2022-02-01,1.36,3.33,1.06,0.42,0.12,21.43,8.66,16.76,0.0395975789473684,0.0395975789473684,5.196578947368421,2533.0,40.2,169764.0,105248.0,93523.0,11725.0,64516.0,62.0,11.1,165.27,185.59,31.29,21.06,79.81,3.78,1.42,1.0,0.0,0.0,0.0,0.0,Bolsonaro,0.0292559999999999,0.0194127727272727,0.007469,2.3,0.95,1.69,11.1,12.7,14.9,2273.0,2273.0,2273.0,5.55686,5.251718181818182,5.416494444444444
2022-03-01,1.46,3.39,1.04,0.41,2.65,21.96,8.23,16.94,0.0419535,0.0419535,4.968381818181818,2533.0,40.2,169764.0,105248.0,93523.0,11725.0,64516.0,62.0,11.1,175.84,212.76,31.04,20.73,80.15,4.32,1.44,1.0,0.0,0.0,0.0,0.0,Bolsonaro,0.0333160434782608,0.0210034285714285,0.0087342173913043,0.05,1.93,2.81,11.1,12.7,14.9,2273.0,2273.0,2273.0,5.651391304347826,5.279690476190477,5.646147826086957
2022-04-01,1.48,3.48,1.0,0.44,0.55,22.3,8.43,17.24,0.043739,0.043739,4.758015789473684,2533.0,40.0,170087.0,106340.0,96445.0,9895.0,63747.0,62.5,9.3,188.73,147.81,30.58,20.01,78.91,3.88,1.41,1.0,0.0,0.0,0.0,0.0,Bolsonaro,0.034749,0.0242439,0.010379,-0.35,1.35,0.38,11.1,11.1,14.2,2533.0,2273.0,2273.0,5.534104761904762,5.53998,5.562135
2022-05-01,1.48,3.59,0.95,0.43,-0.51,22.3,8.0,17.09,0.0467962727272727,0.0467962727272727,4.95505,2533.0,40.0,170087.0,106340.0,96445.0,9895.0,63747.0,62.5,9.3,177.52,116.85,28.75,17.78,78.11,4.35,1.38,1.0,0.0,0.0,0.0,0.0,Bolsonaro,0.0395975789473684,0.0292559999999999,0.0128561428571428,0.12,2.3,2.11,11.1,11.1,14.2,2533.0,2273.0,2273.0,5.196578947368421,5.55686,5.291057142857143
2022-06-01,1.44,3.52,0.89,0.4,0.48,22.68,8.49,17.51,0.0481161428571428,0.0481161428571428,5.049209523809524,2533.0,40.0,170087.0,106340.0,96445.0,9895.0,63747.0,62.5,9.3,180.22,92.3,28.38,17.03,77.1,3.76,1.32,0.0,0.0,0.0,0.0,0.0,Bolsonaro,0.0419535,0.0333160434782608,0.0146347142857142,2.65,0.05,0.81,11.1,11.1,14.2,2533.0,2273.0,2273.0,4.968381818181818,5.651391304347826,5.031904761904762
2022-07-01,1.51,3.65,0.89,0.41,-4.35,23.26,9.82,18.39,0.049037,0.049037,5.368071428571429,2533.0,39.5,170426.0,106708.0,97435.0,9273.0,63719.0,62.6,8.7,196.83,69.83,29.39,17.25,74.0,4.43,1.59,0.0,0.0,0.0,0.0,0.0,Bolsonaro,0.043739,0.034749,0.016137,0.55,-0.35,1.68,9.3,11.1,12.7,2533.0,2533.0,2273.0,4.758015789473684,5.534104761904762,5.156704545454546
2022-08-01,1.52,3.72,0.89,0.4,-2.55,24.1,8.66,18.57,0.0505596086956521,0.0505596086956521,5.143286956521739,2533.0,39.5,170426.0,106708.0,97435.0,9273.0,63719.0,62.6,8.7,213.13,52.51,29.71,17.33,68.69,4.57,1.74,0.0,0.0,0.0,0.0,0.0,Bolsonaro,0.0467962727272727,0.0395975789473684,0.0194127727272727,-0.51,0.12,0.95,9.3,11.1,12.7,2533.0,2533.0,2273.0,4.95505,5.196578947368421,5.251718181818182
2022-09-01,1.55,3.74,0.86,0.4,-1.21,24.08,9.13,18.74,0.050788,0.050788,5.236957142857143,2533.0,39.5,170426.0,106708.0,97435.0,9273.0,63719.0,62.6,8.7,200.06,48.74,30.99,18.77,68.89,4.5,1.76,0.0,0.0,0.0,0.0,0.0,Bolsonaro,0.0481161428571428,0.0419535,0.0210034285714285,0.48,2.65,1.93,9.3,11.1,12.7,2533.0,2533.0,2273.0,5.049209523809524,4.968381818181818,5.279690476190477
2022-10-01,1.67,3.83,0.79,0.35,0.18,25.71,9.4,19.9,0.050788,0.050788,5.2503,2533.0,38.9,170772.0,105927.0,97517.0,8410.0,64845.0,62.0,7.9,202.58,77.98,31.88,20.51,70.11,4.61,1.8,0.0,0.0,1.0,0.0,0.0,Bolsonaro,0.049037,0.043739,0.0242439,-4.35,0.55,1.35,8.7,9.3,11.1,2533.0,2533.0,2273.0,5.368071428571429,4.758015789473684,5.53998
2022-11-01,1.7,3.85,0.77,0.35,1.0,25.94,8.56,19.84,0.050788,0.050788,5.274649999999999,2533.0,38.9,170772.0,105927.0,97517.0,8410.0,64845.0,62.0,7.9,174.74,189.16,30.48,19.99,76.12,4.2,1.61,0.0,0.0,0.0,0.0,0.0,Bolsonaro,0.0505596086956521,0.0467962727272727,0.0292559999999999,-2.55,-0.51,2.3,8.7,9.3,11.1,2533.0,2533.0,2273.0,5.143286956521739,4.95505,5.55686
2022-12-01,1.69,3.88,0.76,0.25,0.27,24.54,8.38,18.85,0.0507879999999999,0.0507879999999999,5.242431818181818,2533.0,38.9,170772.0,105927.0,97517.0,8410.0,64845.0,62.0,7.9,172.56,208.7,30.66,20.99,79.66,4.04,1.51,0.0,0.0,0.0,0.0,0.0,Bolsonaro,0.050788,0.0481161428571428,0.0333160434782608,-1.21,0.48,0.05,8.7,9.3,11.1,2533.0,2533.0,2273.0,5.236957142857143,5.049209523809524,5.651391304347826
2023-01-01,1.82,4.04,0.81,0.24,0.72,25.09,10.01,19.79,0.0507879999999999,0.0507879999999999,5.200681818181819,2846.0,39.0,171116.0,105225.0,95978.0,9247.0,65891.0,61.5,8.8,173.46,220.1,30.9,20.97,81.3,4.25,1.49,0.0,0.0,0.0,0.0,0.0,Lula,0.050788,0.049037,0.034749,0.18,-4.35,-0.35,7.9,8.7,11.1,2533.0,2533.0,2533.0,5.2503,5.368071428571429,5.534104761904762
2023-02-01,2.04,4.08,0.82,0.24,0.84,26.03,9.2,20.19,0.050788,0.050788,5.171688888888889,2846.0,39.0,171116.0,105225.0,95978.0,9247.0,65891.0,61.5,8.8,166.41,148.51,31.62,21.2,79.55,3.91,1.49,0.0,0.0,0.0,0.0,0.0,Lula,0.050788,0.0505596086956521,0.0395975789473684,1.0,-2.55,0.12,7.9,8.7,11.1,2533.0,2533.0,2533.0,5.274649999999999,5.143286956521739,5.196578947368421
2023-03-01,2.08,4.03,0.81,0.26,2.33,26.11,9.21,20.3,0.050788,0.050788,5.211460869565218,2846.0,39.0,171116.0,105225.0,95978.0,9247.0,65891.0,61.5,8.8,172.21,191.67,31.31,21.06,79.94,4.3,1.47,0.0,0.0,0.0,0.0,0.0,Lula,0.0507879999999999,0.050788,0.0419535,0.27,-1.21,2.65,7.9,8.7,11.1,2533.0,2533.0,2533.0,5.242431818181818,5.236957142857143,4.968381818181818
2023-04-01,2.32,4.18,0.83,0.27,0.86,27.55,9.21,21.29,0.050788,0.050788,5.019733333333333,2846.0,39.2,171445.0,105505.0,97038.0,8468.0,65940.0,61.5,8.0,175.61,140.24,30.25,20.35,80.71,3.93,1.36,0.0,0.0,0.0,0.0,0.0,Lula,0.0507879999999999,0.050788,0.043739,0.72,0.18,0.55,8.8,7.9,9.3,2846.0,2533.0,2533.0,5.200681818181819,5.2503,4.758015789473684
2023-05-01,2.45,4.25,0.84,0.32,0.71,27.59,9.36,21.42,0.0507879999999999,0.0507879999999999,4.982836363636364,2846.0,39.2,171445.0,105505.0,97038.0,8468.0,65940.0,61.5,8.0,189.47,100.56,29.67,18.96,78.6,3.68,1.33,0.0,0.0,0.0,0.0,0.0,Lula,0.050788,0.050788,0.0467962727272727,0.84,1.0,-0.51,8.8,7.9,9.3,2846.0,2533.0,2533.0,5.171688888888889,5.274649999999999,4.95505
2023-06-01,2.5,4.18,0.81,0.36,0.06,27.25,9.24,21.16,0.050788,0.050788,4.851566666666667,2846.0,39.2,171445.0,105505.0,97038.0,8468.0,65940.0,61.5,8.0,189.19,72.85,28.82,17.49,77.04,4.07,1.43,0.0,0.0,0.0,0.0,0.0,Lula,0.050788,0.0507879999999999,0.0481161428571428,2.33,0.27,0.48,8.8,7.9,9.3,2846.0,2533.0,2533.0,5.211460869565218,5.242431818181818,5.049209523809524
2023-07-01,2.6,4.14,0.88,0.4,0.46,26.73,9.56,20.94,0.050788,0.050788,4.800833333333333,2846.0,39.1,171782.0,106087.0,97938.0,8150.0,65694.0,61.8,7.7,215.09,54.04,29.56,17.39,72.56,4.29,1.54,0.0,0.0,0.0,0.0,0.0,Lula,0.050788,0.0507879999999999,0.049037,0.86,0.72,-4.35,8.0,8.8,8.7,2846.0,2846.0,2533.0,5.019733333333333,5.200681818181819,5.368071428571429
2023-08-01,2.69,4.04,0.94,0.33,1.26,26.34,9.26,20.59,0.0491892608695652,0.0491892608695652,4.903543478260869,2846.0,39.1,171782.0,106087.0,97938.0,8150.0,65694.0,61.8,7.7,223.29,43.31,31.32,18.78,69.77,4.43,1.65,0.0,0.0,0.0,0.0,0.0,Lula,0.0507879999999999,0.050788,0.0505596086956521,0.71,0.84,-2.55,8.0,8.8,8.7,2846.0,2846.0,2533.0,4.982836363636364,5.171688888888889,5.143286956521739
2023-09-01,2.69,3.92,0.95,0.3,1.11,25.9,9.45,20.36,0.0484217,0.0484217,4.93699,2846.0,39.1,171782.0,106087.0,97938.0,8150.0,65694.0,61.8,7.7,216.76,65.5,32.63,20.4,67.69,4.61,1.85,0.0,0.0,0.0,0.0,0.0,Lula,0.050788,0.050788,0.050788,0.06,2.33,-1.21,8.0,8.8,8.7,2846.0,2846.0,2533.0,4.851566666666667,5.211460869565218,5.236957142857143
2023-10-01,2.79,3.89,1.03,0.42,-0.03,25.25,9.37,19.91,0.047279,0.047279,5.064842857142857,2846.0,39.2,172115.0,106988.0,99062.0,7926.0,65127.0,62.2,7.4,218.58,88.76,33.07,21.38,69.56,4.32,1.73,0.0,0.0,0.0,0.0,0.0,Lula,0.050788,0.050788,0.050788,0.46,0.86,0.18,7.7,8.0,7.9,2846.0,2846.0,2533.0,4.800833333333333,5.019733333333333,5.2503
2023-11-01,2.85,3.79,1.08,0.43,0.16,25.32,9.19,19.94,0.0456013,0.0456013,4.89834,2846.0,39.2,172115.0,106988.0,99062.0,7926.0,65127.0,62.2,7.4,215.31,107.8,33.48,21.78,68.63,4.12,1.66,0.0,0.0,0.0,0.0,0.0,Lula,0.0491892608695652,0.0507879999999999,0.050788,1.26,0.71,1.0,7.7,8.0,7.9,2846.0,2846.0,2533.0,4.903543478260869,4.982836363636364,5.274649999999999
2023-12-01,2.45,3.66,1.13,0.43,0.31,24.98,8.5,19.45,0.0445373,0.0445373,4.897245,2846.0,39.2,172115.0,106988.0,99062.0,7926.0,65127.0,62.2,7.4,205.32,131.31,33.02,22.02,73.25,4.58,1.58,0.0,0.0,0.0,0.0,0.0,Lula,0.0484217,0.050788,0.0507879999999999,1.11,0.06,0.27,7.7,8.0,7.9,2846.0,2846.0,2533.0,4.93699,4.851566666666667,5.242431818181818
2024-01-01,2.6,3.67,1.25,0.48,0.19,24.06,9.68,19.27,0.043739,0.043739,4.914395454545455,3057.0,38.9,172445.0,106743.0,98290.0,8453.0,65702.0,61.9,7.9,179.96,215.74,31.89,22.0,79.45,3.84,1.41,0.0,0.0,0.0,0.0,0.0,Lula,0.047279,0.050788,0.0507879999999999,-0.03,0.46,0.72,7.4,7.7,8.8,2846.0,2846.0,2846.0,5.064842857142857,4.800833333333333,5.200681818181819
2024-02-01,2.59,3.67,1.3,0.51,0.88,24.29,9.1,19.28,0.041957,0.041957,4.964389473684211,3057.0,38.9,172445.0,106743.0,98290.0,8453.0,65702.0,61.9,7.9,157.38,213.95,31.89,21.89,80.66,3.76,1.33,0.0,0.0,0.0,0.0,0.0,Lula,0.0456013,0.0491892608695652,0.050788,0.16,1.26,0.84,7.4,7.7,8.8,2846.0,2846.0,2846.0,4.89834,4.903543478260869,5.171688888888889
2024-03-01,2.54,3.62,1.37,0.52,0.25,24.63,8.55,19.33,0.0414203,0.0414203,4.980135,3057.0,38.9,172445.0,106743.0,98290.0,8453.0,65702.0,61.9,7.9,174.07,217.04,31.94,22.12,81.78,3.67,1.27,0.0,0.0,0.0,0.0,0.0,Lula,0.0445373,0.0484217,0.050788,0.31,1.11,2.33,7.4,7.7,8.8,2846.0,2846.0,2846.0,4.897245,4.93699,5.211460869565218
2024-04-01,2.58,3.66,1.42,0.56,0.74,24.21,8.58,19.06,0.040168,0.040168,5.129095454545455,3057.0,38.7,172765.0,107272.0,99883.0,7388.0,65493.0,62.1,6.9,171.18,184.74,31.13,21.42,81.64,3.54,1.27,0.0,0.0,0.0,0.0,0.0,Lula,0.043739,0.047279,0.050788,0.19,-0.03,0.86,7.9,7.4,8.0,3057.0,2846.0,2846.0,4.914395454545455,5.064842857142857,5.019733333333333
2024-05-01,2.56,3.69,1.49,0.62,0.55,24.0,8.08,18.79,0.0394838095238095,0.0394838095238095,5.133047619047619,3057.0,38.7,172765.0,107272.0,99883.0,7388.0,65493.0,62.1,6.9,196.95,128.58,30.25,19.75,77.59,3.82,1.42,0.0,0.0,0.0,0.0,0.0,Lula,0.041957,0.0456013,0.0507879999999999,0.88,0.16,0.71,7.9,7.4,8.0,3057.0,2846.0,2846.0,4.964389473684211,4.89834,4.982836363636364
2024-06-01,2.45,3.62,1.52,0.55,0.33,23.78,7.78,18.54,0.03927,0.03927,5.388975,3057.0,38.7,172765.0,107272.0,99883.0,7388.0,65493.0,62.1,6.9,199.59,78.05,29.84,18.39,74.4,3.9,1.51,0.0,0.0,0.0,0.0,0.0,Lula,0.0414203,0.0445373,0.050788,0.25,0.31,0.06,7.9,7.4,8.0,3057.0,2846.0,2846.0,4.980135,4.897245,4.851566666666667
2024-07-01,2.33,3.7,1.86,0.5,1.08,23.64,8.02,18.53,0.03927,0.03927,5.542047826086956,3057.0,38.8,173095.0,107912.0,101058.0,6854.0,65183.0,62.3,6.4,217.91,39.82,29.32,17.12,70.64,3.96,1.56,0.0,0.0,0.0,0.0,0.0,Lula,0.040168,0.043739,0.050788,0.74,0.19,0.46,6.9,7.9,7.7,3057.0,3057.0,2846.0,5.129095454545455,4.914395454545455,4.800833333333333
2024-08-01,2.36,3.74,2.13,0.57,-0.12,23.48,7.96,18.46,0.03927,0.03927,5.5526136363636365,3057.0,38.8,173095.0,107912.0,101058.0,6854.0,65183.0,62.3,6.4,228.81,32.85,30.99,17.76,64.69,4.44,1.76,0.0,0.0,0.0,0.0,0.0,Lula,0.0394838095238095,0.041957,0.0491892608695652,0.55,0.88,1.26,6.9,7.9,7.7,3057.0,3057.0,2846.0,5.133047619047619,4.964389473684211,4.903543478260869
2024-09-01,2.37,3.75,2.21,0.45,1.01,23.46,7.44,18.27,0.0396120952380952,0.0396120952380952,5.541566666666666,3057.0,38.8,173095.0,107912.0,101058.0,6854.0,65183.0,62.3,6.4,218.17,28.96,33.25,19.69,60.68,4.35,1.84,0.0,0.0,0.0,0.0,0.0,Lula,0.03927,0.0414203,0.0484217,0.33,0.25,1.11,6.9,7.9,7.7,3057.0,3057.0,2846.0,5.388975,4.980135,4.93699
2024-10-01,2.33,3.7,2.31,0.49,0.71,23.23,7.94,18.27,0.040168,0.040168,5.624108695652174,3057.0,38.6,173430.0,108516.0,101832.0,6684.0,64913.0,62.6,6.2,198.93,94.43,32.7,21.13,68.7,4.37,1.73,0.0,0.0,0.0,0.0,0.0,Lula,0.03927,0.040168,0.047279,1.08,0.74,-0.03,6.4,6.9,7.4,3057.0,3057.0,2846.0,5.542047826086956,5.129095454545455,5.064842857142857
2024-11-01,2.31,3.66,2.44,0.5,-0.87,23.53,7.73,18.42,0.0415803684210526,0.0415803684210526,5.807057894736842,3057.0,38.6,173430.0,108516.0,101832.0,6684.0,64913.0,62.6,6.2,175.27,141.63,31.9,21.39,73.78,4.1,1.64,0.0,0.0,0.0,0.0,0.0,Lula,0.03927,0.0394838095238095,0.0456013,-0.12,0.55,0.16,6.4,6.9,7.4,3057.0,3057.0,2846.0,5.5526136363636365,5.133047619047619,4.89834
2024-12-01,2.03,3.54,2.28,0.32,-0.17,22.63,6.94,17.52,0.0441583333333333,0.0441583333333333,6.097028571428571,3057.0,38.6,173430.0,108516.0,101832.0,6684.0,64913.0,62.6,6.2,174.16,167.28,32.08,21.49,74.55,3.98,1.52,0.0,0.0,0.0,0.0,0.0,Lula,0.0396120952380952,0.03927,0.0445373,1.01,0.33,0.31,6.4,6.9,7.4,3057.0,3057.0,2846.0,5.541566666666666,5.388975,4.897245
2025-01-01,2.03,3.54,2.28,0.32,-0.17,22.63,6.94,17.52,0.0441583333333333,0.0441583333333333,6.097028571428571,3057.0,38.0,173761.0,108077.0,100511.0,7566.0,65684.0,62.2,7.0,168.27,233.7,31.7,21.64,79.81,3.78,1.42,0.0,0.0,0.0,0.0,0.0,Lula,0.040168,0.03927,0.043739,0.71,1.08,0.19,6.2,6.4,7.9,3057.0,3057.0,3057.0,5.624108695652174,5.542047826086956,4.914395454545455
2025-02-01,2.03,3.54,2.28,0.32,-0.17,22.63,6.94,17.52,0.0441583333333333,0.0441583333333333,6.097028571428571,3057.0,38.0,173761.0,108077.0,100511.0,7566.0,65684.0,62.2,7.0,171.71,160.81,32.35,21.46,75.57,3.81,1.48,0.0,0.0,0.0,0.0,0.0,Lula,0.0415803684210526,0.03927,0.041957,-0.87,-0.12,0.88,6.2,6.4,7.9,3057.0,3057.0,3057.0,5.807057894736842,5.5526136363636365,4.964389473684211
2025-03-01,2.03,3.54,2.28,0.32,-0.17,22.63,6.94,17.52,0.0441583333333333,0.0441583333333333,6.097028571428571,3057.0,38.0,173761.0,108077.0,100511.0,7566.0,65684.0,62.2,7.0,191.34,165.11,32.3,21.37,75.7,3.83,1.42,0.0,0.0,0.0,0.0,0.0,Lula,0.0441583333333333,0.0396120952380952,0.0414203,-0.17,1.01,0.25,6.2,6.4,7.9,3057.0,3057.0,3057.0,6.097028571428571,5.541566666666666,4.980135
2025-04-01,2.03,3.54,2.28,0.32,-0.17,22.63,6.94,17.52,0.0441583333333333,0.0441583333333333,6.097028571428571,3057.0,37.8,174079.0,108569.0,102316.0,6253.0,65510.0,62.4,5.8,176.62,136.63,31.3,20.81,78.92,3.69,1.35,0.0,0.0,0.0,0.0,0.0,Lula,0.0441583333333333,0.040168,0.040168,-0.17,0.71,0.74,7.0,6.2,6.9,3057.0,3057.0,3057.0,6.097028571428571,5.624108695652174,5.129095454545455
2025-05-01,2.03,3.54,2.28,0.32,-0.17,22.63,6.94,17.52,0.0441583333333333,0.0441583333333333,6.097028571428571,3057.0,37.8,174079.0,108569.0,102316.0,6253.0,65510.0,62.4,5.8,206.97,97.92,29.82,19.15,75.98,3.95,1.53,0.0,0.0,0.0,0.0,0.0,Lula,0.0441583333333333,0.0415803684210526,0.0394838095238095,-0.17,-0.87,0.55,7.0,6.2,6.9,3057.0,3057.0,3057.0,6.097028571428571,5.807057894736842,5.133047619047619
2025-06-01,2.03,3.54,2.28,0.32,-0.17,22.63,6.94,17.52,0.0441583333333333,0.0441583333333333,6.097028571428571,3057.0,37.8,174079.0,108569.0,102316.0,6253.0,65510.0,62.4,5.8,197.17,82.03,29.46,18.04,74.58,3.94,1.56,0.0,0.0,0.0,0.0,0.0,Lula,0.0441583333333333,0.0441583333333333,0.03927,-0.17,-0.17,0.33,7.0,6.2,6.9,3057.0,3057.0,3057.0,6.097028571428571,6.097028571428571,5.388975
2025-07-01,2.03,3.54,2.28,0.32,-0.17,22.63,6.94,17.52,0.0441583333333333,0.0441583333333333,6.097028571428571,3057.0,37.8,174411.0,108478.0,102433.0,6045.0,65933.0,62.2,5.6,221.66,42.78,29.32,16.47,70.33,3.9,1.49,0.0,0.0,0.0,0.0,0.0,Lula,0.0441583333333333,0.0441583333333333,0.03927,-0.17,-0.17,1.08,5.8,7.0,6.4,3057.0,3057.0,3057.0,6.097028571428571,6.097028571428571,5.542047826086956
2025-08-01,2.03,3.54,2.28,0.32,-0.17,22.63,6.94,17.52,0.0441583333333333,0.0441583333333333,6.097028571428571,3057.0,37.8,174411.0,108478.0,102433.0,6045.0,65933.0,62.2,5.6,241.97,32.98,30.92,17.49,63.54,4.17,1.59,0.0,0.0,0.0,0.0,0.0,Lula,0.0441583333333333,0.0441583333333333,0.03927,-0.17,-0.17,-0.12,5.8,7.0,6.4,3057.0,3057.0,3057.0,6.097028571428571,6.097028571428571,5.5526136363636365
2025-09-01,2.03,3.54,2.28,0.32,-0.17,22.63,6.94,17.52,0.0441583333333333,0.0441583333333333,6.097028571428571,3057.0,37.8,174411.0,108478.0,102433.0,6045.0,65933.0,62.2,5.6,213.01,44.81,31.96,19.27,63.64,4.24,1.89,0.0,0.0,0.0,0.0,0.0,Lula,0.0441583333333333,0.0441583333333333,0.0396120952380952,-0.17,-0.17,1.01,5.8,7.0,6.4,3057.0,3057.0,3057.0,6.097028571428571,6.097028571428571,5.541566666666666
2025-10-01,2.03,3.54,2.28,0.32,-0.17,22.63,6.94,17.52,0.0441583333333333,0.0441583333333333,6.097028571428571,3057.0,37.8,174411.0,108478.0,102433.0,6045.0,65933.0,62.2,5.6,209.31,63.03,32.21,20.0,65.5,4.5,1.92,0.0,0.0,0.0,0.0,0.0,Lula,0.0441583333333333,0.0441583333333333,0.040168,-0.17,-0.17,0.71,5.6,5.8,6.2,3057.0,3057.0,3057.0,6.097028571428571,6.097028571428571,5.624108695652174
2025-11-01,2.03,3.54,2.28,0.32,-0.17,22.63,6.94,17.52,0.0441583333333333,0.0441583333333333,6.097028571428571,3057.0,37.8,174411.0,108478.0,102433.0,6045.0,65933.0,62.2,5.6,202.27,108.16,32.49,20.97,71.25,3.86,1.59,0.0,0.0,0.0,0.0,0.0,Lula,0.0441583333333333,0.0441583333333333,0.0415803684210526,-0.17,-0.17,-0.87,5.6,5.8,6.2,3057.0,3057.0,3057.0,6.097028571428571,6.097028571428571,5.807057894736842
2025-12-01,2.03,3.54,2.28,0.32,-0.17,22.63,6.94,17.52,0.0441583333333333,0.0441583333333333,6.097028571428571,3057.0,37.8,174411.0,108478.0,102433.0,6045.0,65933.0,62.2,5.6,114.81,165.64,32.49,20.97,71.25,3.64,1.59,0.0,0.0,0.0,0.0,0.0,Lula,0.0441583333333333,0.0441583333333333,0.0441583333333333,-0.17,-0.17,-0.17,5.6,5.8,6.2,3057.0,3057.0,3057.0,6.097028571428571,6.097028571428571,6.097028571428571
